resp_id,query_id,is_dialog_system,time_in_sec,rest_id,correct,n_levenshtein
1,2,False,28.168407201766968,1,False,
1,5,False,40.042526960372925,102,True,
1,1,False,1.027421474456787,1,False,
1,3,False,0.6485090255737305,1,False,
1,4,False,1.0011045932769775,5,False,
1,1,True,5.1855998039245605,37,False,0
1,2,True,8.311812400817871,37,False,0
1,3,True,12.037172079086304,37,False,0
1,5,True,23.114611387252808,51,True,0
1,4,True,4.0959553718566895,37,False,0
